1,Jon,Vasilyevski,pilot
2,Peterus,Bertouloume,pilot
3,Zane,Freathy,pilot
4,Colin,Mundle,pilot
5,Alric,Fookes,pilot
6,Patric,Bickerstaffe,pilot
7,Jarred,Tankin,pilot
8,Terrel,Aspole,pilot
9,Tomaso,Lindbergh,pilot
10,Griz,Tordoff,pilot
11,Ferdy,Dillon,pilot
12,Morie,Wines,pilot
13,Mose,Cardenas,pilot
14,Standford,Iannitti,pilot
15,Levy,Andrea,pilot
16,Alexander,Swindell,pilot
17,Bryce,Piggot,pilot
18,Whitaker,Brisard,pilot
19,Donal,Jinda,pilot
20,Barr,Lewis,pilot
21,Aguste,Minnock,pilot
22,Forrester,Bricknall,pilot
23,Tucky,Trematick,pilot
24,Efren,Cuppleditch,pilot
25,Virge,Scuffham,pilot
26,Brice,Mearing,pilot
27,Lamond,Lindwall,pilot
28,Horten,Haining,pilot
29,Lucais,Abbet,pilot
30,Lazar,Cranmer,pilot
31,Edgard,Adamo,pilot
32,Winfred,Shirley,pilot
33,Iago,McNiven,pilot
34,Gerek,Ruprich,pilot
35,Riobard,Goalley,pilot
36,Jourdain,Pentycost,pilot
37,Goddard,Pasterfield,pilot
38,Englebert,Fischer,pilot
39,Rockie,Blaw,pilot
40,Ellsworth,Poveleye,pilot
41,Ali,Antat,pilot
42,Benedict,Snedden,pilot
43,Rorke,Chapling,pilot
44,Chick,Liepmann,pilot
45,Waylan,Gilbride,pilot
46,Toiboid,Boyfield,pilot
47,Russell,Spinello,pilot
48,Cesaro,Shoosmith,pilot
49,Hyatt,Rivilis,pilot
50,Olenolin,Pidgeley,pilot
51,Miltie,Hanmore,pilot
52,Marlon,Surgeon,pilot
53,Ebeneser,Schroeder,pilot
54,Napoleon,Champney,pilot
55,Zerk,Pauluzzi,pilot
56,Noach,Yexley,pilot
57,Colas,Catterill,pilot
58,Woody,Caldaro,pilot
59,Marius,Sturney,pilot
60,Porty,Vecard,pilot
61,Gothart,Glen,pilot
62,Shelby,Tue,pilot
63,Justis,Harkes,pilot
64,Florian,Hallgarth,pilot
65,Sheridan,Brandenberg,pilot
66,Gonzalo,Scrogges,pilot
67,Saxe,Alves,pilot
68,Gib,Sebrens,pilot
69,Wash,Bogays,pilot
70,Johnnie,Wrist,pilot
71,Moishe,Degnen,pilot
72,Sansone,Raraty,pilot
73,Elliott,Guage,pilot
74,Jasun,Lloyd,pilot
75,Miner,Waddoups,pilot
76,Boyd,Deveril,pilot
77,Tito,Erricker,pilot
78,Julius,Surman-Wells,pilot
79,Randi,Dunning,pilot
80,Bran,Stores,pilot
81,Enrique,Popworth,pilot
82,Quent,Buckmaster,pilot
83,Clyde,Culver,pilot
84,Matthiew,Bjorkan,pilot
85,Aurthur,Kearney,pilot
86,Fabian,Halshaw,pilot
87,Scott,Milella,pilot
88,Karlan,Prenty,pilot
89,Pip,Whiley,pilot
90,Willem,Florence,pilot
91,Chip,Carville,pilot
92,Stanleigh,Summerhayes,pilot
93,Hort,Lots,pilot
94,Tudor,Possa,pilot
95,Torr,Cormack,pilot
96,Nowell,Adamec,pilot
97,Callean,Beaty,pilot
98,Evan,Kuscha,pilot
99,Willdon,Dickings,pilot
100,Remington,Hubble,pilot
101,Ulick,Chart,pilot
102,Kelwin,Nealand,pilot
103,Kenyon,Wonfor,pilot
104,Bernard,Poston,pilot
105,Thane,Vivers,pilot
106,Sherwynd,McGifford,pilot
107,Armstrong,Dillimore,pilot
108,Sherwin,Younge,pilot
109,Loren,Gerhardt,pilot
110,Garth,Baillie,pilot
111,Clarence,Lacotte,pilot
112,Inness,Diament,pilot
113,Finlay,Silversmidt,pilot
114,Ignacius,Rustedge,pilot
115,Sean,Glitherow,pilot
116,Salvador,Bruhnsen,pilot
117,Milt,Vipan,pilot
118,Francisco,Millwater,pilot
119,Ignaz,Mc Harg,pilot
120,Lindon,Ruppeli,pilot
121,Sherwood,Fumagallo,pilot
122,Garry,Drees,pilot
123,Wyatan,Baumber,pilot
124,Abel,Ortes,pilot
125,Eamon,Darree,pilot
126,Whitaker,Mapson,pilot
127,Andrew,Bedson,pilot
128,Ryan,McHale,pilot
129,Martin,Breheny,pilot
130,Taylor,Jocic,pilot
131,Gris,Pattingson,pilot
132,Georgi,Mewha,pilot
133,Lawrence,Litterick,pilot
134,Rodolphe,Vasnev,pilot
135,Magnum,Lanceter,pilot
136,Anatol,Czapla,pilot
137,Brand,Wein,pilot
138,Aymer,Castelow,pilot
139,Josiah,Wenman,pilot
140,Hansiain,Collis,pilot
141,Leroi,Jaume,pilot
142,Rodolph,Slyde,pilot
143,Minor,Teodoro,pilot
144,Bertrand,Assaf,pilot
145,Jermayne,Mounsey,pilot
146,Claudell,Ninnoli,pilot
147,Rory,Liddicoat,pilot
148,Archibold,Valerio,pilot
149,Tulley,Mabbett,pilot
150,Charlton,Flavelle,pilot
1,Malory,Hriinchenko,steward
2,Stevena,Duffield,steward
3,Alane,Greder,steward
4,Mable,Chidzoy,steward
5,Bunni,Dallon,steward
6,Virgina,Goddman,steward
7,Ray,Keelan,steward
8,Winifred,Crut,steward
9,Licha,Wardall,steward
10,Giulia,Biaggetti,steward
11,Janeczka,Roxbee,steward
12,Ardath,Fernyhough,steward
13,Cleo,Retchless,steward
14,Verile,Boggis,steward
15,Leeanne,Boaler,steward
16,Charla,Scudamore,steward
17,Olympie,Macauley,steward
18,Cammie,Baumler,steward
19,Colene,Patton,steward
20,Lise,Doghartie,steward
21,Tabatha,Brokenbrow,steward
22,Alvinia,Noah,steward
23,Rosalinde,Agron,steward
24,Berri,Webburn,steward
25,Dallas,Georgescu,steward
26,Kassi,Ivetts,steward
27,Krissie,Sinderland,steward
28,Olimpia,Beggi,steward
29,Gillian,Haxell,steward
30,Phillie,Klehn,steward
31,Ula,Grayne,steward
32,Lena,Ralph,steward
33,Mignonne,Tawton,steward
34,Becky,Buckmaster,steward
35,Pierette,Youings,steward
36,Brigida,Baudins,steward
37,Moina,Handrok,steward
38,Veronike,Benstead,steward
39,Evy,Codman,steward
40,Danyette,Pettie,steward
41,Orelle,Eydel,steward
42,Lorinda,Thurbon,steward
43,Lexy,Blanchflower,steward
44,Leann,McChesney,steward
45,Helsa,Povele,steward
46,Ardeen,Karolewski,steward
47,Daisy,Poag,steward
48,Elfrida,Barhem,steward
49,Petronille,Middell,steward
50,Loraine,Axford,steward
51,Cindee,Redhole,steward
52,Margaret,Fontin,steward
53,Theodosia,Dahlen,steward
54,Katrine,Hammarberg,steward
55,Laural,Atlee,steward
56,Nola,Aggett,steward
57,Christel,Edworthy,steward
58,Sarena,Pitsall,steward
59,Paula,Lavies,steward
60,Molly,Beauvais,steward
61,Prisca,Garrood,steward
62,Merline,Raulin,steward
63,Carma,Lawdham,steward
64,Sheilakathryn,Goodwell,steward
65,Tiena,Parnall,steward
66,Dell,Honsch,steward
67,Nat,Loud,steward
68,Marylin,Rainton,steward
69,Robyn,Christou,steward
70,Robinet,Bransby,steward
71,Louella,Wheeler,steward
72,Dori,Proudlock,steward
73,Jolie,Eddowis,steward
74,Riannon,Plant,steward
75,Mira,Bemrose,steward
76,Silva,Harral,steward
77,Vicky,Rabley,steward
78,Cinnamon,Waldie,steward
79,Margaretta,Jirak,steward
80,Tuesday,Tuxwell,steward
81,Robbi,Handrik,steward
82,Jen,Lemasney,steward
83,Bekki,Gerardot,steward
84,Celestine,Karolyi,steward
85,Elfie,Fitkin,steward
86,Nettie,Gocher,steward
87,Wilma,Bleckly,steward
88,Felicdad,Titmarsh,steward
89,Bess,Drewett,steward
90,Frederique,Vannar,steward
91,Alfreda,Parnaby,steward
92,Lynnette,Denisovich,steward
93,Gwyn,Klementz,steward
94,Annabella,O' Hern,steward
95,Annaliese,Folbigg,steward
96,Maureen,Ghelarducci,steward
97,Rubina,Stuckley,steward
98,Michelle,Streater,steward
99,Evy,Edwin,steward
100,Steffi,Polk,steward
101,Babbie,Harnwell,steward
102,Tiff,Rendbaek,steward
103,Candi,Gager,steward
104,Allie,Haglington,steward
105,Sacha,Blazdell,steward
106,Wynny,Cowie,steward
107,Amie,McGuiney,steward
108,Beatrix,Marre,steward
109,Doralyn,Urian,steward
110,Mufinella,Lacer,steward
111,Sabina,Arnau,steward
112,Cayla,Brant,steward
113,Katusha,Higounet,steward
114,Lily,Harmar,steward
115,Cecil,Seivertsen,steward
116,Zsazsa,Oats,steward
117,Correy,Franiak,steward
118,Cairistiona,Glassman,steward
119,Allene,Vallender,steward
120,Vikki,Domone,steward
121,Valentina,Buckleigh,steward
122,Maudie,Spillman,steward
123,Brietta,Ayling,steward
124,Nicolette,Gerold,steward
125,Tammi,Scay,steward
126,Felice,Maior,steward
127,Camellia,Saltsberger,steward
128,Joy,Ingolotti,steward
129,Marla,Sedworth,steward
130,Loren,Kinton,steward
131,Kippie,Faley,steward
132,Jessamyn,McKeown,steward
133,Jaine,Patel,steward
134,Eleanore,Morais,steward
135,Tiffie,Tutchings,steward
136,Rosana,Ffrench,steward
137,Tammi,Valiant,steward
138,Beryl,Suerz,steward
139,Henriette,Fontelles,steward
140,Ardelle,Riggulsford,steward
141,Tobye,Delamar,steward
142,Tandy,Rowberry,steward
143,Esme,Ebbings,steward
144,Edin,Buffham,steward
145,Constancia,Shelsher,steward
146,Hedwiga,Farady,steward
147,Andria,McLarnon,steward
148,Melinda,Wimsett,steward
149,Laryssa,Crockford,steward
150,Minette,Skirvane,steward
151,Andromache,Jeenes,steward
152,Myrtle,Smedmoor,steward
153,Rose,Ripley,steward
154,Freddi,Purdon,steward
155,Emylee,Tagg,steward
156,Amber,Hillum,steward
157,Una,Scurrell,steward
158,Nanice,Shipperbottom,steward
159,Corey,Butting,steward
160,Marigold,Posnett,steward
161,Nan,Alldritt,steward
162,Koo,Priddy,steward
163,Lynelle,Tomashov,steward
164,Rosetta,Townson,steward
165,Agna,Chittem,steward
166,Marthe,Haddon,steward
167,Xena,Paice,steward
168,Inga,Holsall,steward
169,Olimpia,Withur,steward
170,Wenona,Bradbeer,steward
171,Margot,Suckling,steward
172,Georgena,Baynom,steward
173,Alayne,Creak,steward
174,Robina,Newstead,steward
175,Adria,Penkman,steward
176,Guenna,Dodamead,steward
177,Fernandina,MacCardle,steward
178,Mel,Tate,steward
179,Shaylynn,Draysey,steward
180,Venus,Stent,steward
181,Shari,Rivalant,steward
182,Zahara,Press,steward
183,Feliza,Patesel,steward
184,Aida,Whaymand,steward
185,Pansie,Itzchaki,steward
186,Tiena,Kneel,steward
187,Fanchette,Ben,steward
188,Rhianna,Pancoast,steward
189,Xenia,Prover,steward
190,Tanitansy,Camm,steward
191,Candy,Raveau,steward
192,Marlane,Eustanch,steward
193,Michel,Zealander,steward
194,Cory,Fairey,steward
195,Lanita,Pelcheur,steward
196,Nicolette,Wellwood,steward
197,Maggee,Blaber,steward
198,Rheta,Langmuir,steward
199,Sybyl,Girdler,steward
200,Wynny,Vayne,steward
201,Benedicta,Reaper,steward
202,Lucita,Swayton,steward
203,Norma,Hobben,steward
204,Roseanna,Maunton,steward
205,Rahel,Fancutt,steward
206,Helli,Rubenczyk,steward
207,Felicle,Rodell,steward
208,Raynell,Macewan,steward
209,Harriot,Sowte,steward
210,Jaynell,Forsyde,steward
211,Ashli,Castelyn,steward
212,Stoddard,Milnes,steward
213,Lynne,Piggin,steward
214,Melba,Southerden,steward
215,Valencia,Copeland,steward
216,Kathie,Burnyeat,steward
217,Marylynne,Citrine,steward
218,Beverley,Lanegran,steward
219,Luella,MacRannell,steward
220,Donny,Isselee,steward
221,Molli,Barts,steward
222,Rosene,Tew,steward
223,Caroline,Hartman,steward
224,Celle,Walster,steward
225,Estella,Dufour,steward
226,Yetty,Godlonton,steward
227,Valenka,Britner,steward
228,Breena,Aleshkov,steward
229,Benni,Rutledge,steward
230,Joete,Durnell,steward
231,Bobina,Giamelli,steward
232,Brenn,Sliney,steward
233,Bridgette,Probbin,steward
234,Breanne,Wogden,steward
235,Celinda,Perell,steward
236,Delly,Haversum,steward
237,Camilla,Keasley,steward
238,Ivory,Dei,steward
239,Drusilla,Tallant,steward
240,Faustine,Follos,steward
241,Gwynne,Youthed,steward
242,Hallie,Cadell,steward
243,Cory,McCrossan,steward
244,Rowena,Dougliss,steward
245,Tamara,O'Dunneen,steward
246,Martina,Brownscombe,steward
247,Brinn,Fahrenbach,steward
248,Hana,Morat,steward
249,Sybila,Bernardo,steward
250,Jaquith,Meyer,steward
251,Emyle,Culross,steward
252,Modestia,Curle,steward
253,Ema,Wootton,steward
254,Fan,Boncoeur,steward
255,Carree,Ewenson,steward
256,Bernette,Manvell,steward
257,Peggi,Glencrosche,steward
258,Shellie,Ghelerdini,steward
259,Cathrine,Tamblyn,steward
260,Hyacinth,Newbatt,steward
261,Michell,McCarty,steward
262,Natalina,Ciccottini,steward
263,Helenelizabeth,Maunder,steward
264,Bea,Constantinou,steward
265,Nell,Forth,steward
266,Meredith,Seers,steward
267,Maegan,Masdon,steward
268,Caresa,Clash,steward
269,Emmy,Brewood,steward
270,Kaitlin,Tuny,steward
271,Idalia,Gaddes,steward
272,Charmine,Ondrousek,steward
273,Larina,Burdell,steward
274,Lola,Smallacombe,steward
275,Rochella,Wyant,steward
276,Elicia,Dast,steward
277,Brianne,Train,steward
278,Mercy,Teaze,steward
279,Avrit,Johnsson,steward
280,Bidget,Finnie,steward
281,Susette,Picott,steward
282,Inez,Hallybone,steward
283,Sallyann,Riggulsford,steward
284,Ardith,Janoch,steward
285,Alfi,Thiese,steward
286,Laetitia,MacNeice,steward
287,Janie,Brisset,steward
288,Winnah,Audrey,steward
289,Anthiathia,Middle,steward
290,Helen-elizabeth,Toplin,steward
291,Othilia,Mackrill,steward
292,Roxane,Alaway,steward
293,Dennie,Jaycock,steward
294,Sadie,Lantoph,steward
295,Linette,Saunton,steward
296,Hatti,Rougier,steward
297,Mozelle,Stapford,steward
298,Daffie,Antalffy,steward
299,Carmine,Petigrew,steward
300,Kanya,Ghidetti,steward
301,Gates,Moxted,steward
302,Cecilia,Bolderson,steward
303,Carolina,Koles,steward
304,Kary,Andrini,steward
305,Cara,Boken,steward
306,Viva,Loyns,steward
307,Karleen,Meeny,steward
308,Scarlett,Chupin,steward
309,Tawnya,Rentz,steward
310,Lucky,Torritti,steward
311,Carrissa,Klimmek,steward
312,Rosemonde,Drakeley,steward
313,Nicholle,Bonome,steward
314,Ashlee,Iskowicz,steward
315,Zia,Buttery,steward
316,Haleigh,Sale,steward
317,Veronica,Matous,steward
318,Yetty,Jakubovitch,steward
319,Janice,Housaman,steward
320,Bamby,McSharry,steward
321,Seline,Stell,steward
322,Robbin,Hambribe,steward
323,Jacinda,Argue,steward
324,Constantine,Scales,steward
325,Michaela,Dobrovolny,steward
326,Honoria,Deviney,steward
327,Zena,Hearsum,steward
328,Claudetta,Fawckner,steward
329,Eydie,Gladstone,steward
330,Misty,Papierz,steward
331,Madelena,Duxfield,steward
332,Petronille,Cowterd,steward
333,Jeanelle,Bowsher,steward
334,Simone,Hallbord,steward
335,Korney,Brookesbie,steward
336,Fredra,Dubery,steward
337,Robenia,Issett,steward
338,Liza,Freddi,steward
339,Gerladina,Steere,steward
340,Nanni,Harcus,steward
341,Ceil,Slyman,steward
342,Gwyn,O'Kinedy,steward
343,Cathrine,Sarson,steward
344,Elli,Schwerin,steward
345,Jorey,Marle,steward
346,Juanita,Puddefoot,steward
347,Katya,Tallowin,steward
348,Mariette,Figin,steward
349,Elfrieda,Lockless,steward
350,Cassey,Slayny,steward
351,Melany,Abisetti,steward
352,Odelle,Eseler,steward
353,Maryjo,Tither,steward
354,Dorie,Babidge,steward
355,Izabel,McAvinchey,steward
356,Micheline,Kamenar,steward
357,Petrina,Blunkett,steward
358,Shanta,Meagher,steward
359,Pen,Eymor,steward
360,Helyn,Pruckner,steward
361,Emmalyn,Rees,steward
362,Valli,Cansdell,steward
363,Fiorenze,Guyonnet,steward
364,Raquel,Otham,steward
365,Corinne,Guiness,steward
366,Nikaniki,Gilsthorpe,steward
367,Teodora,Osan,steward
368,Sorcha,Canet,steward
369,Phaedra,Farrants,steward
370,Patience,Crewes,steward
371,Birgit,Fisby,steward
372,Joane,Blomefield,steward
373,Lela,Critch,steward
374,Bertha,Lipsett,steward
375,Bekki,Clemenceau,steward
376,Terese,Dobrovolski,steward
377,Arlee,Stack,steward
378,Margarita,Lalley,steward
379,Viviyan,Byer,steward
380,Jammie,Foister,steward
381,Sigrid,Woolley,steward
382,Amelita,Bale,steward
383,Pierette,Cleverley,steward
384,Junia,Wilmore,steward
385,Mavra,Jurzyk,steward
386,Karly,Golston,steward
387,Doralin,Balsom,steward
388,Loni,Phillis,steward
389,Jerrie,Tackell,steward
390,Patricia,Moohan,steward
391,Emma,Thornber,steward
392,Elsbeth,Haskey,steward
393,Josselyn,Gianolo,steward
394,Dorothea,Brockie,steward
395,Rodie,Whistlecroft,steward
396,Amabelle,Siward,steward
397,Florie,Dymick,steward
398,Ronica,Challenger,steward
399,Sarette,Coils,steward
400,Muriel,Spendley,steward

